model,target,n_features,included_features,excluded_leakage_features
Random Forest,drought_flag,75,"[""city_code"", ""year"", ""month"", ""day_of_year"", ""day_of_week"", ""week_of_year"", ""temp_mean"", ""wind_speed_mean"", ""visibility_mean"", ""wind_speed_10m"", ""wind_gusts_10m"", ""wind_direction_10m"", ""pm25"", ""pm10"", ""aod"", ""day_of_week_dust"", ""month_dust"", ""season_dust"", ""dry_season"", ""windy_season"", ""wind_u_10m"", ""wind_v_10m"", ""wind_speed_10m_lag1"", ""wind_speed_10m_lag2"", ""wind_speed_10m_roll3_mean"", ""wind_speed_10m_roll7_mean"", ""wind_gusts_10m_lag1"", ""wind_gusts_10m_lag2"", ""wind_gusts_10m_roll3_mean"", ""wind_gusts_10m_roll7_mean"", ""wind_u_10m_lag1"", ""wind_u_10m_lag2"", ""wind_u_10m_roll3_mean"", ""wind_u_10m_roll7_mean"", ""wind_v_10m_lag1"", ""wind_v_10m_lag2"", ""wind_v_10m_roll3_mean"", ""wind_v_10m_roll7_mean"", ""temp_mean_lag1"", ""temp_mean_lag2"", ""temp_mean_roll3_mean"", ""temp_mean_roll7_mean"", ""wind_speed_mean_lag1"", ""wind_speed_mean_lag2"", ""wind_speed_mean_roll3_mean"", ""wind_speed_mean_roll7_mean"", ""pm25_lag1"", ""pm25_lag2"", ""pm25_roll3_mean"", ""pm25_roll7_mean"", ""pm10_lag1"", ""pm10_lag2"", ""pm10_roll3_mean"", ""pm10_roll7_mean"", ""aod_lag1"", ""aod_lag2"", ""aod_roll3_mean"", ""aod_roll7_mean"", ""temperature_2m_max"", ""temperature_2m_min"", ""wind_speed_10m_max"", ""wind_gusts_10m_max"", ""wind_direction_10m_dominant"", ""shortwave_radiation_sum"", ""et0_fao_evapotranspiration"", ""sunshine_duration"", ""daylight_duration"", ""temperature_2m_daily_mean"", ""relative_humidity_2m_daily_mean"", ""month_drought"", ""day_of_week_drought"", ""et0_7d_sum"", ""et0_30d_sum"", ""season_dust_code"", ""season_drought_code""]","[""drought_flag"", ""drought_severity"", ""drought_severity_code"", ""precip_30d_sum"", ""precip_7d_sum"", ""precipitation_hours"", ""precipitation_sum"", ""rain_sum"", ""soil_moisture_0_to_7cm_daily_mean"", ""soil_moisture_100_to_255cm_daily_mean"", ""soil_moisture_28_to_100cm_daily_mean"", ""soil_moisture_7_to_28cm_daily_mean"", ""soil_moisture_rootzone_30d_mean"", ""soil_moisture_rootzone_daily_mean"", ""vapour_pressure_deficit_daily_mean"", ""vpd_30d_mean""]"
Random Forest,drought_severity,75,"[""city_code"", ""year"", ""month"", ""day_of_year"", ""day_of_week"", ""week_of_year"", ""temp_mean"", ""wind_speed_mean"", ""visibility_mean"", ""wind_speed_10m"", ""wind_gusts_10m"", ""wind_direction_10m"", ""pm25"", ""pm10"", ""aod"", ""day_of_week_dust"", ""month_dust"", ""season_dust"", ""dry_season"", ""windy_season"", ""wind_u_10m"", ""wind_v_10m"", ""wind_speed_10m_lag1"", ""wind_speed_10m_lag2"", ""wind_speed_10m_roll3_mean"", ""wind_speed_10m_roll7_mean"", ""wind_gusts_10m_lag1"", ""wind_gusts_10m_lag2"", ""wind_gusts_10m_roll3_mean"", ""wind_gusts_10m_roll7_mean"", ""wind_u_10m_lag1"", ""wind_u_10m_lag2"", ""wind_u_10m_roll3_mean"", ""wind_u_10m_roll7_mean"", ""wind_v_10m_lag1"", ""wind_v_10m_lag2"", ""wind_v_10m_roll3_mean"", ""wind_v_10m_roll7_mean"", ""temp_mean_lag1"", ""temp_mean_lag2"", ""temp_mean_roll3_mean"", ""temp_mean_roll7_mean"", ""wind_speed_mean_lag1"", ""wind_speed_mean_lag2"", ""wind_speed_mean_roll3_mean"", ""wind_speed_mean_roll7_mean"", ""pm25_lag1"", ""pm25_lag2"", ""pm25_roll3_mean"", ""pm25_roll7_mean"", ""pm10_lag1"", ""pm10_lag2"", ""pm10_roll3_mean"", ""pm10_roll7_mean"", ""aod_lag1"", ""aod_lag2"", ""aod_roll3_mean"", ""aod_roll7_mean"", ""temperature_2m_max"", ""temperature_2m_min"", ""wind_speed_10m_max"", ""wind_gusts_10m_max"", ""wind_direction_10m_dominant"", ""shortwave_radiation_sum"", ""et0_fao_evapotranspiration"", ""sunshine_duration"", ""daylight_duration"", ""temperature_2m_daily_mean"", ""relative_humidity_2m_daily_mean"", ""month_drought"", ""day_of_week_drought"", ""et0_7d_sum"", ""et0_30d_sum"", ""season_dust_code"", ""season_drought_code""]","[""drought_flag"", ""drought_severity"", ""drought_severity_code"", ""precip_30d_sum"", ""precip_7d_sum"", ""precipitation_hours"", ""precipitation_sum"", ""rain_sum"", ""soil_moisture_0_to_7cm_daily_mean"", ""soil_moisture_100_to_255cm_daily_mean"", ""soil_moisture_28_to_100cm_daily_mean"", ""soil_moisture_7_to_28cm_daily_mean"", ""soil_moisture_rootzone_30d_mean"", ""soil_moisture_rootzone_daily_mean"", ""vapour_pressure_deficit_daily_mean"", ""vpd_30d_mean""]"
Random Forest,precipitation_sum,81,"[""city_code"", ""year"", ""month"", ""day_of_year"", ""day_of_week"", ""week_of_year"", ""temp_mean"", ""wind_speed_mean"", ""visibility_mean"", ""wind_speed_10m"", ""wind_gusts_10m"", ""wind_direction_10m"", ""pm25"", ""pm10"", ""aod"", ""day_of_week_dust"", ""month_dust"", ""season_dust"", ""dry_season"", ""windy_season"", ""wind_u_10m"", ""wind_v_10m"", ""wind_speed_10m_lag1"", ""wind_speed_10m_lag2"", ""wind_speed_10m_roll3_mean"", ""wind_speed_10m_roll7_mean"", ""wind_gusts_10m_lag1"", ""wind_gusts_10m_lag2"", ""wind_gusts_10m_roll3_mean"", ""wind_gusts_10m_roll7_mean"", ""wind_u_10m_lag1"", ""wind_u_10m_lag2"", ""wind_u_10m_roll3_mean"", ""wind_u_10m_roll7_mean"", ""wind_v_10m_lag1"", ""wind_v_10m_lag2"", ""wind_v_10m_roll3_mean"", ""wind_v_10m_roll7_mean"", ""temp_mean_lag1"", ""temp_mean_lag2"", ""temp_mean_roll3_mean"", ""temp_mean_roll7_mean"", ""wind_speed_mean_lag1"", ""wind_speed_mean_lag2"", ""wind_speed_mean_roll3_mean"", ""wind_speed_mean_roll7_mean"", ""pm25_lag1"", ""pm25_lag2"", ""pm25_roll3_mean"", ""pm25_roll7_mean"", ""pm10_lag1"", ""pm10_lag2"", ""pm10_roll3_mean"", ""pm10_roll7_mean"", ""aod_lag1"", ""aod_lag2"", ""aod_roll3_mean"", ""aod_roll7_mean"", ""temperature_2m_max"", ""temperature_2m_min"", ""wind_speed_10m_max"", ""wind_gusts_10m_max"", ""wind_direction_10m_dominant"", ""shortwave_radiation_sum"", ""et0_fao_evapotranspiration"", ""sunshine_duration"", ""daylight_duration"", ""soil_moisture_0_to_7cm_daily_mean"", ""soil_moisture_7_to_28cm_daily_mean"", ""soil_moisture_28_to_100cm_daily_mean"", ""soil_moisture_100_to_255cm_daily_mean"", ""vapour_pressure_deficit_daily_mean"", ""temperature_2m_daily_mean"", ""relative_humidity_2m_daily_mean"", ""month_drought"", ""day_of_week_drought"", ""soil_moisture_rootzone_daily_mean"", ""et0_7d_sum"", ""et0_30d_sum"", ""season_dust_code"", ""season_drought_code""]","[""drought_flag"", ""drought_severity"", ""drought_severity_code"", ""precip_30d_sum"", ""precip_7d_sum"", ""precipitation_hours"", ""precipitation_sum"", ""rain_sum"", ""soil_moisture_rootzone_30d_mean"", ""vpd_30d_mean""]"
Random Forest,dust_event,70,"[""city_code"", ""year"", ""month"", ""day_of_year"", ""day_of_week"", ""week_of_year"", ""temp_mean"", ""visibility_mean"", ""wind_direction_10m"", ""day_of_week_dust"", ""month_dust"", ""season_dust"", ""dry_season"", ""windy_season"", ""wind_u_10m"", ""wind_v_10m"", ""wind_speed_10m_lag1"", ""wind_speed_10m_lag2"", ""wind_gusts_10m_lag1"", ""wind_gusts_10m_lag2"", ""wind_u_10m_lag1"", ""wind_u_10m_lag2"", ""wind_u_10m_roll3_mean"", ""wind_u_10m_roll7_mean"", ""wind_v_10m_lag1"", ""wind_v_10m_lag2"", ""wind_v_10m_roll3_mean"", ""wind_v_10m_roll7_mean"", ""temp_mean_lag1"", ""temp_mean_lag2"", ""temp_mean_roll3_mean"", ""temp_mean_roll7_mean"", ""wind_speed_mean_lag1"", ""wind_speed_mean_lag2"", ""pm25_lag1"", ""pm25_lag2"", ""pm10_lag1"", ""pm10_lag2"", ""aod_lag1"", ""aod_lag2"", ""temperature_2m_max"", ""temperature_2m_min"", ""precipitation_sum"", ""rain_sum"", ""precipitation_hours"", ""wind_speed_10m_max"", ""wind_gusts_10m_max"", ""wind_direction_10m_dominant"", ""shortwave_radiation_sum"", ""et0_fao_evapotranspiration"", ""sunshine_duration"", ""daylight_duration"", ""soil_moisture_0_to_7cm_daily_mean"", ""soil_moisture_7_to_28cm_daily_mean"", ""soil_moisture_28_to_100cm_daily_mean"", ""soil_moisture_100_to_255cm_daily_mean"", ""vapour_pressure_deficit_daily_mean"", ""temperature_2m_daily_mean"", ""relative_humidity_2m_daily_mean"", ""month_drought"", ""day_of_week_drought"", ""precip_7d_sum"", ""precip_30d_sum"", ""soil_moisture_rootzone_daily_mean"", ""soil_moisture_rootzone_30d_mean"", ""et0_7d_sum"", ""et0_30d_sum"", ""vpd_30d_mean"", ""season_dust_code"", ""season_drought_code""]","[""aod"", ""aod_roll3_mean"", ""aod_roll7_mean"", ""duration_hours"", ""dust_event"", ""dust_intensity_code"", ""dust_intensity_level"", ""pm10"", ""pm10_roll3_mean"", ""pm10_roll7_mean"", ""pm25"", ""pm25_roll3_mean"", ""pm25_roll7_mean"", ""wind_gusts_10m"", ""wind_gusts_10m_roll3_mean"", ""wind_gusts_10m_roll7_mean"", ""wind_speed_10m"", ""wind_speed_10m_roll3_mean"", ""wind_speed_10m_roll7_mean"", ""wind_speed_mean"", ""wind_speed_mean_roll3_mean"", ""wind_speed_mean_roll7_mean""]"
XGBoost,drought_flag,75,"[""city_code"", ""year"", ""month"", ""day_of_year"", ""day_of_week"", ""week_of_year"", ""temp_mean"", ""wind_speed_mean"", ""visibility_mean"", ""wind_speed_10m"", ""wind_gusts_10m"", ""wind_direction_10m"", ""pm25"", ""pm10"", ""aod"", ""day_of_week_dust"", ""month_dust"", ""season_dust"", ""dry_season"", ""windy_season"", ""wind_u_10m"", ""wind_v_10m"", ""wind_speed_10m_lag1"", ""wind_speed_10m_lag2"", ""wind_speed_10m_roll3_mean"", ""wind_speed_10m_roll7_mean"", ""wind_gusts_10m_lag1"", ""wind_gusts_10m_lag2"", ""wind_gusts_10m_roll3_mean"", ""wind_gusts_10m_roll7_mean"", ""wind_u_10m_lag1"", ""wind_u_10m_lag2"", ""wind_u_10m_roll3_mean"", ""wind_u_10m_roll7_mean"", ""wind_v_10m_lag1"", ""wind_v_10m_lag2"", ""wind_v_10m_roll3_mean"", ""wind_v_10m_roll7_mean"", ""temp_mean_lag1"", ""temp_mean_lag2"", ""temp_mean_roll3_mean"", ""temp_mean_roll7_mean"", ""wind_speed_mean_lag1"", ""wind_speed_mean_lag2"", ""wind_speed_mean_roll3_mean"", ""wind_speed_mean_roll7_mean"", ""pm25_lag1"", ""pm25_lag2"", ""pm25_roll3_mean"", ""pm25_roll7_mean"", ""pm10_lag1"", ""pm10_lag2"", ""pm10_roll3_mean"", ""pm10_roll7_mean"", ""aod_lag1"", ""aod_lag2"", ""aod_roll3_mean"", ""aod_roll7_mean"", ""temperature_2m_max"", ""temperature_2m_min"", ""wind_speed_10m_max"", ""wind_gusts_10m_max"", ""wind_direction_10m_dominant"", ""shortwave_radiation_sum"", ""et0_fao_evapotranspiration"", ""sunshine_duration"", ""daylight_duration"", ""temperature_2m_daily_mean"", ""relative_humidity_2m_daily_mean"", ""month_drought"", ""day_of_week_drought"", ""et0_7d_sum"", ""et0_30d_sum"", ""season_dust_code"", ""season_drought_code""]","[""drought_flag"", ""drought_severity"", ""drought_severity_code"", ""precip_30d_sum"", ""precip_7d_sum"", ""precipitation_hours"", ""precipitation_sum"", ""rain_sum"", ""soil_moisture_0_to_7cm_daily_mean"", ""soil_moisture_100_to_255cm_daily_mean"", ""soil_moisture_28_to_100cm_daily_mean"", ""soil_moisture_7_to_28cm_daily_mean"", ""soil_moisture_rootzone_30d_mean"", ""soil_moisture_rootzone_daily_mean"", ""vapour_pressure_deficit_daily_mean"", ""vpd_30d_mean""]"
XGBoost,drought_severity,75,"[""city_code"", ""year"", ""month"", ""day_of_year"", ""day_of_week"", ""week_of_year"", ""temp_mean"", ""wind_speed_mean"", ""visibility_mean"", ""wind_speed_10m"", ""wind_gusts_10m"", ""wind_direction_10m"", ""pm25"", ""pm10"", ""aod"", ""day_of_week_dust"", ""month_dust"", ""season_dust"", ""dry_season"", ""windy_season"", ""wind_u_10m"", ""wind_v_10m"", ""wind_speed_10m_lag1"", ""wind_speed_10m_lag2"", ""wind_speed_10m_roll3_mean"", ""wind_speed_10m_roll7_mean"", ""wind_gusts_10m_lag1"", ""wind_gusts_10m_lag2"", ""wind_gusts_10m_roll3_mean"", ""wind_gusts_10m_roll7_mean"", ""wind_u_10m_lag1"", ""wind_u_10m_lag2"", ""wind_u_10m_roll3_mean"", ""wind_u_10m_roll7_mean"", ""wind_v_10m_lag1"", ""wind_v_10m_lag2"", ""wind_v_10m_roll3_mean"", ""wind_v_10m_roll7_mean"", ""temp_mean_lag1"", ""temp_mean_lag2"", ""temp_mean_roll3_mean"", ""temp_mean_roll7_mean"", ""wind_speed_mean_lag1"", ""wind_speed_mean_lag2"", ""wind_speed_mean_roll3_mean"", ""wind_speed_mean_roll7_mean"", ""pm25_lag1"", ""pm25_lag2"", ""pm25_roll3_mean"", ""pm25_roll7_mean"", ""pm10_lag1"", ""pm10_lag2"", ""pm10_roll3_mean"", ""pm10_roll7_mean"", ""aod_lag1"", ""aod_lag2"", ""aod_roll3_mean"", ""aod_roll7_mean"", ""temperature_2m_max"", ""temperature_2m_min"", ""wind_speed_10m_max"", ""wind_gusts_10m_max"", ""wind_direction_10m_dominant"", ""shortwave_radiation_sum"", ""et0_fao_evapotranspiration"", ""sunshine_duration"", ""daylight_duration"", ""temperature_2m_daily_mean"", ""relative_humidity_2m_daily_mean"", ""month_drought"", ""day_of_week_drought"", ""et0_7d_sum"", ""et0_30d_sum"", ""season_dust_code"", ""season_drought_code""]","[""drought_flag"", ""drought_severity"", ""drought_severity_code"", ""precip_30d_sum"", ""precip_7d_sum"", ""precipitation_hours"", ""precipitation_sum"", ""rain_sum"", ""soil_moisture_0_to_7cm_daily_mean"", ""soil_moisture_100_to_255cm_daily_mean"", ""soil_moisture_28_to_100cm_daily_mean"", ""soil_moisture_7_to_28cm_daily_mean"", ""soil_moisture_rootzone_30d_mean"", ""soil_moisture_rootzone_daily_mean"", ""vapour_pressure_deficit_daily_mean"", ""vpd_30d_mean""]"
XGBoost,precipitation_sum,81,"[""city_code"", ""year"", ""month"", ""day_of_year"", ""day_of_week"", ""week_of_year"", ""temp_mean"", ""wind_speed_mean"", ""visibility_mean"", ""wind_speed_10m"", ""wind_gusts_10m"", ""wind_direction_10m"", ""pm25"", ""pm10"", ""aod"", ""day_of_week_dust"", ""month_dust"", ""season_dust"", ""dry_season"", ""windy_season"", ""wind_u_10m"", ""wind_v_10m"", ""wind_speed_10m_lag1"", ""wind_speed_10m_lag2"", ""wind_speed_10m_roll3_mean"", ""wind_speed_10m_roll7_mean"", ""wind_gusts_10m_lag1"", ""wind_gusts_10m_lag2"", ""wind_gusts_10m_roll3_mean"", ""wind_gusts_10m_roll7_mean"", ""wind_u_10m_lag1"", ""wind_u_10m_lag2"", ""wind_u_10m_roll3_mean"", ""wind_u_10m_roll7_mean"", ""wind_v_10m_lag1"", ""wind_v_10m_lag2"", ""wind_v_10m_roll3_mean"", ""wind_v_10m_roll7_mean"", ""temp_mean_lag1"", ""temp_mean_lag2"", ""temp_mean_roll3_mean"", ""temp_mean_roll7_mean"", ""wind_speed_mean_lag1"", ""wind_speed_mean_lag2"", ""wind_speed_mean_roll3_mean"", ""wind_speed_mean_roll7_mean"", ""pm25_lag1"", ""pm25_lag2"", ""pm25_roll3_mean"", ""pm25_roll7_mean"", ""pm10_lag1"", ""pm10_lag2"", ""pm10_roll3_mean"", ""pm10_roll7_mean"", ""aod_lag1"", ""aod_lag2"", ""aod_roll3_mean"", ""aod_roll7_mean"", ""temperature_2m_max"", ""temperature_2m_min"", ""wind_speed_10m_max"", ""wind_gusts_10m_max"", ""wind_direction_10m_dominant"", ""shortwave_radiation_sum"", ""et0_fao_evapotranspiration"", ""sunshine_duration"", ""daylight_duration"", ""soil_moisture_0_to_7cm_daily_mean"", ""soil_moisture_7_to_28cm_daily_mean"", ""soil_moisture_28_to_100cm_daily_mean"", ""soil_moisture_100_to_255cm_daily_mean"", ""vapour_pressure_deficit_daily_mean"", ""temperature_2m_daily_mean"", ""relative_humidity_2m_daily_mean"", ""month_drought"", ""day_of_week_drought"", ""soil_moisture_rootzone_daily_mean"", ""et0_7d_sum"", ""et0_30d_sum"", ""season_dust_code"", ""season_drought_code""]","[""drought_flag"", ""drought_severity"", ""drought_severity_code"", ""precip_30d_sum"", ""precip_7d_sum"", ""precipitation_hours"", ""precipitation_sum"", ""rain_sum"", ""soil_moisture_rootzone_30d_mean"", ""vpd_30d_mean""]"
XGBoost,dust_event,70,"[""city_code"", ""year"", ""month"", ""day_of_year"", ""day_of_week"", ""week_of_year"", ""temp_mean"", ""visibility_mean"", ""wind_direction_10m"", ""day_of_week_dust"", ""month_dust"", ""season_dust"", ""dry_season"", ""windy_season"", ""wind_u_10m"", ""wind_v_10m"", ""wind_speed_10m_lag1"", ""wind_speed_10m_lag2"", ""wind_gusts_10m_lag1"", ""wind_gusts_10m_lag2"", ""wind_u_10m_lag1"", ""wind_u_10m_lag2"", ""wind_u_10m_roll3_mean"", ""wind_u_10m_roll7_mean"", ""wind_v_10m_lag1"", ""wind_v_10m_lag2"", ""wind_v_10m_roll3_mean"", ""wind_v_10m_roll7_mean"", ""temp_mean_lag1"", ""temp_mean_lag2"", ""temp_mean_roll3_mean"", ""temp_mean_roll7_mean"", ""wind_speed_mean_lag1"", ""wind_speed_mean_lag2"", ""pm25_lag1"", ""pm25_lag2"", ""pm10_lag1"", ""pm10_lag2"", ""aod_lag1"", ""aod_lag2"", ""temperature_2m_max"", ""temperature_2m_min"", ""precipitation_sum"", ""rain_sum"", ""precipitation_hours"", ""wind_speed_10m_max"", ""wind_gusts_10m_max"", ""wind_direction_10m_dominant"", ""shortwave_radiation_sum"", ""et0_fao_evapotranspiration"", ""sunshine_duration"", ""daylight_duration"", ""soil_moisture_0_to_7cm_daily_mean"", ""soil_moisture_7_to_28cm_daily_mean"", ""soil_moisture_28_to_100cm_daily_mean"", ""soil_moisture_100_to_255cm_daily_mean"", ""vapour_pressure_deficit_daily_mean"", ""temperature_2m_daily_mean"", ""relative_humidity_2m_daily_mean"", ""month_drought"", ""day_of_week_drought"", ""precip_7d_sum"", ""precip_30d_sum"", ""soil_moisture_rootzone_daily_mean"", ""soil_moisture_rootzone_30d_mean"", ""et0_7d_sum"", ""et0_30d_sum"", ""vpd_30d_mean"", ""season_dust_code"", ""season_drought_code""]","[""aod"", ""aod_roll3_mean"", ""aod_roll7_mean"", ""duration_hours"", ""dust_event"", ""dust_intensity_code"", ""dust_intensity_level"", ""pm10"", ""pm10_roll3_mean"", ""pm10_roll7_mean"", ""pm25"", ""pm25_roll3_mean"", ""pm25_roll7_mean"", ""wind_gusts_10m"", ""wind_gusts_10m_roll3_mean"", ""wind_gusts_10m_roll7_mean"", ""wind_speed_10m"", ""wind_speed_10m_roll3_mean"", ""wind_speed_10m_roll7_mean"", ""wind_speed_mean"", ""wind_speed_mean_roll3_mean"", ""wind_speed_mean_roll7_mean""]"
LSTM,drought_flag,75,"[""city_code"", ""year"", ""month"", ""day_of_year"", ""day_of_week"", ""week_of_year"", ""temp_mean"", ""wind_speed_mean"", ""visibility_mean"", ""wind_speed_10m"", ""wind_gusts_10m"", ""wind_direction_10m"", ""pm25"", ""pm10"", ""aod"", ""day_of_week_dust"", ""month_dust"", ""season_dust"", ""dry_season"", ""windy_season"", ""wind_u_10m"", ""wind_v_10m"", ""wind_speed_10m_lag1"", ""wind_speed_10m_lag2"", ""wind_speed_10m_roll3_mean"", ""wind_speed_10m_roll7_mean"", ""wind_gusts_10m_lag1"", ""wind_gusts_10m_lag2"", ""wind_gusts_10m_roll3_mean"", ""wind_gusts_10m_roll7_mean"", ""wind_u_10m_lag1"", ""wind_u_10m_lag2"", ""wind_u_10m_roll3_mean"", ""wind_u_10m_roll7_mean"", ""wind_v_10m_lag1"", ""wind_v_10m_lag2"", ""wind_v_10m_roll3_mean"", ""wind_v_10m_roll7_mean"", ""temp_mean_lag1"", ""temp_mean_lag2"", ""temp_mean_roll3_mean"", ""temp_mean_roll7_mean"", ""wind_speed_mean_lag1"", ""wind_speed_mean_lag2"", ""wind_speed_mean_roll3_mean"", ""wind_speed_mean_roll7_mean"", ""pm25_lag1"", ""pm25_lag2"", ""pm25_roll3_mean"", ""pm25_roll7_mean"", ""pm10_lag1"", ""pm10_lag2"", ""pm10_roll3_mean"", ""pm10_roll7_mean"", ""aod_lag1"", ""aod_lag2"", ""aod_roll3_mean"", ""aod_roll7_mean"", ""temperature_2m_max"", ""temperature_2m_min"", ""wind_speed_10m_max"", ""wind_gusts_10m_max"", ""wind_direction_10m_dominant"", ""shortwave_radiation_sum"", ""et0_fao_evapotranspiration"", ""sunshine_duration"", ""daylight_duration"", ""temperature_2m_daily_mean"", ""relative_humidity_2m_daily_mean"", ""month_drought"", ""day_of_week_drought"", ""et0_7d_sum"", ""et0_30d_sum"", ""season_dust_code"", ""season_drought_code""]","[""drought_flag"", ""drought_severity"", ""drought_severity_code"", ""precip_30d_sum"", ""precip_7d_sum"", ""precipitation_hours"", ""precipitation_sum"", ""rain_sum"", ""soil_moisture_0_to_7cm_daily_mean"", ""soil_moisture_100_to_255cm_daily_mean"", ""soil_moisture_28_to_100cm_daily_mean"", ""soil_moisture_7_to_28cm_daily_mean"", ""soil_moisture_rootzone_30d_mean"", ""soil_moisture_rootzone_daily_mean"", ""vapour_pressure_deficit_daily_mean"", ""vpd_30d_mean""]"
LSTM,drought_severity,75,"[""city_code"", ""year"", ""month"", ""day_of_year"", ""day_of_week"", ""week_of_year"", ""temp_mean"", ""wind_speed_mean"", ""visibility_mean"", ""wind_speed_10m"", ""wind_gusts_10m"", ""wind_direction_10m"", ""pm25"", ""pm10"", ""aod"", ""day_of_week_dust"", ""month_dust"", ""season_dust"", ""dry_season"", ""windy_season"", ""wind_u_10m"", ""wind_v_10m"", ""wind_speed_10m_lag1"", ""wind_speed_10m_lag2"", ""wind_speed_10m_roll3_mean"", ""wind_speed_10m_roll7_mean"", ""wind_gusts_10m_lag1"", ""wind_gusts_10m_lag2"", ""wind_gusts_10m_roll3_mean"", ""wind_gusts_10m_roll7_mean"", ""wind_u_10m_lag1"", ""wind_u_10m_lag2"", ""wind_u_10m_roll3_mean"", ""wind_u_10m_roll7_mean"", ""wind_v_10m_lag1"", ""wind_v_10m_lag2"", ""wind_v_10m_roll3_mean"", ""wind_v_10m_roll7_mean"", ""temp_mean_lag1"", ""temp_mean_lag2"", ""temp_mean_roll3_mean"", ""temp_mean_roll7_mean"", ""wind_speed_mean_lag1"", ""wind_speed_mean_lag2"", ""wind_speed_mean_roll3_mean"", ""wind_speed_mean_roll7_mean"", ""pm25_lag1"", ""pm25_lag2"", ""pm25_roll3_mean"", ""pm25_roll7_mean"", ""pm10_lag1"", ""pm10_lag2"", ""pm10_roll3_mean"", ""pm10_roll7_mean"", ""aod_lag1"", ""aod_lag2"", ""aod_roll3_mean"", ""aod_roll7_mean"", ""temperature_2m_max"", ""temperature_2m_min"", ""wind_speed_10m_max"", ""wind_gusts_10m_max"", ""wind_direction_10m_dominant"", ""shortwave_radiation_sum"", ""et0_fao_evapotranspiration"", ""sunshine_duration"", ""daylight_duration"", ""temperature_2m_daily_mean"", ""relative_humidity_2m_daily_mean"", ""month_drought"", ""day_of_week_drought"", ""et0_7d_sum"", ""et0_30d_sum"", ""season_dust_code"", ""season_drought_code""]","[""drought_flag"", ""drought_severity"", ""drought_severity_code"", ""precip_30d_sum"", ""precip_7d_sum"", ""precipitation_hours"", ""precipitation_sum"", ""rain_sum"", ""soil_moisture_0_to_7cm_daily_mean"", ""soil_moisture_100_to_255cm_daily_mean"", ""soil_moisture_28_to_100cm_daily_mean"", ""soil_moisture_7_to_28cm_daily_mean"", ""soil_moisture_rootzone_30d_mean"", ""soil_moisture_rootzone_daily_mean"", ""vapour_pressure_deficit_daily_mean"", ""vpd_30d_mean""]"
LSTM,precipitation_sum,81,"[""city_code"", ""year"", ""month"", ""day_of_year"", ""day_of_week"", ""week_of_year"", ""temp_mean"", ""wind_speed_mean"", ""visibility_mean"", ""wind_speed_10m"", ""wind_gusts_10m"", ""wind_direction_10m"", ""pm25"", ""pm10"", ""aod"", ""day_of_week_dust"", ""month_dust"", ""season_dust"", ""dry_season"", ""windy_season"", ""wind_u_10m"", ""wind_v_10m"", ""wind_speed_10m_lag1"", ""wind_speed_10m_lag2"", ""wind_speed_10m_roll3_mean"", ""wind_speed_10m_roll7_mean"", ""wind_gusts_10m_lag1"", ""wind_gusts_10m_lag2"", ""wind_gusts_10m_roll3_mean"", ""wind_gusts_10m_roll7_mean"", ""wind_u_10m_lag1"", ""wind_u_10m_lag2"", ""wind_u_10m_roll3_mean"", ""wind_u_10m_roll7_mean"", ""wind_v_10m_lag1"", ""wind_v_10m_lag2"", ""wind_v_10m_roll3_mean"", ""wind_v_10m_roll7_mean"", ""temp_mean_lag1"", ""temp_mean_lag2"", ""temp_mean_roll3_mean"", ""temp_mean_roll7_mean"", ""wind_speed_mean_lag1"", ""wind_speed_mean_lag2"", ""wind_speed_mean_roll3_mean"", ""wind_speed_mean_roll7_mean"", ""pm25_lag1"", ""pm25_lag2"", ""pm25_roll3_mean"", ""pm25_roll7_mean"", ""pm10_lag1"", ""pm10_lag2"", ""pm10_roll3_mean"", ""pm10_roll7_mean"", ""aod_lag1"", ""aod_lag2"", ""aod_roll3_mean"", ""aod_roll7_mean"", ""temperature_2m_max"", ""temperature_2m_min"", ""wind_speed_10m_max"", ""wind_gusts_10m_max"", ""wind_direction_10m_dominant"", ""shortwave_radiation_sum"", ""et0_fao_evapotranspiration"", ""sunshine_duration"", ""daylight_duration"", ""soil_moisture_0_to_7cm_daily_mean"", ""soil_moisture_7_to_28cm_daily_mean"", ""soil_moisture_28_to_100cm_daily_mean"", ""soil_moisture_100_to_255cm_daily_mean"", ""vapour_pressure_deficit_daily_mean"", ""temperature_2m_daily_mean"", ""relative_humidity_2m_daily_mean"", ""month_drought"", ""day_of_week_drought"", ""soil_moisture_rootzone_daily_mean"", ""et0_7d_sum"", ""et0_30d_sum"", ""season_dust_code"", ""season_drought_code""]","[""drought_flag"", ""drought_severity"", ""drought_severity_code"", ""precip_30d_sum"", ""precip_7d_sum"", ""precipitation_hours"", ""precipitation_sum"", ""rain_sum"", ""soil_moisture_rootzone_30d_mean"", ""vpd_30d_mean""]"
LSTM,dust_event,70,"[""city_code"", ""year"", ""month"", ""day_of_year"", ""day_of_week"", ""week_of_year"", ""temp_mean"", ""visibility_mean"", ""wind_direction_10m"", ""day_of_week_dust"", ""month_dust"", ""season_dust"", ""dry_season"", ""windy_season"", ""wind_u_10m"", ""wind_v_10m"", ""wind_speed_10m_lag1"", ""wind_speed_10m_lag2"", ""wind_gusts_10m_lag1"", ""wind_gusts_10m_lag2"", ""wind_u_10m_lag1"", ""wind_u_10m_lag2"", ""wind_u_10m_roll3_mean"", ""wind_u_10m_roll7_mean"", ""wind_v_10m_lag1"", ""wind_v_10m_lag2"", ""wind_v_10m_roll3_mean"", ""wind_v_10m_roll7_mean"", ""temp_mean_lag1"", ""temp_mean_lag2"", ""temp_mean_roll3_mean"", ""temp_mean_roll7_mean"", ""wind_speed_mean_lag1"", ""wind_speed_mean_lag2"", ""pm25_lag1"", ""pm25_lag2"", ""pm10_lag1"", ""pm10_lag2"", ""aod_lag1"", ""aod_lag2"", ""temperature_2m_max"", ""temperature_2m_min"", ""precipitation_sum"", ""rain_sum"", ""precipitation_hours"", ""wind_speed_10m_max"", ""wind_gusts_10m_max"", ""wind_direction_10m_dominant"", ""shortwave_radiation_sum"", ""et0_fao_evapotranspiration"", ""sunshine_duration"", ""daylight_duration"", ""soil_moisture_0_to_7cm_daily_mean"", ""soil_moisture_7_to_28cm_daily_mean"", ""soil_moisture_28_to_100cm_daily_mean"", ""soil_moisture_100_to_255cm_daily_mean"", ""vapour_pressure_deficit_daily_mean"", ""temperature_2m_daily_mean"", ""relative_humidity_2m_daily_mean"", ""month_drought"", ""day_of_week_drought"", ""precip_7d_sum"", ""precip_30d_sum"", ""soil_moisture_rootzone_daily_mean"", ""soil_moisture_rootzone_30d_mean"", ""et0_7d_sum"", ""et0_30d_sum"", ""vpd_30d_mean"", ""season_dust_code"", ""season_drought_code""]","[""aod"", ""aod_roll3_mean"", ""aod_roll7_mean"", ""duration_hours"", ""dust_event"", ""dust_intensity_code"", ""dust_intensity_level"", ""pm10"", ""pm10_roll3_mean"", ""pm10_roll7_mean"", ""pm25"", ""pm25_roll3_mean"", ""pm25_roll7_mean"", ""wind_gusts_10m"", ""wind_gusts_10m_roll3_mean"", ""wind_gusts_10m_roll7_mean"", ""wind_speed_10m"", ""wind_speed_10m_roll3_mean"", ""wind_speed_10m_roll7_mean"", ""wind_speed_mean"", ""wind_speed_mean_roll3_mean"", ""wind_speed_mean_roll7_mean""]"
